{
  "IcoMoonType": "selection",
  "icons": [
    {
      "icon": {
        "paths": [
          "M859.429 841.143q0 14.857-10.857 25.714t-25.714 10.857h-264q0.571 9.714 3.429 50t2.857 62q0 14.286-10.286 24.286t-24.571 10h-182.857q-14.286 0-24.571-10t-10.286-24.286q0-21.714 2.857-62t3.429-50h-264q-14.857 0-25.714-10.857t-10.857-25.714 10.857-25.714l229.714-230.286h-130.857q-14.857 0-25.714-10.857t-10.857-25.714 10.857-25.714l229.714-230.286h-112.571q-14.857 0-25.714-10.857t-10.857-25.714 10.857-25.714l219.429-219.429q10.857-10.857 25.714-10.857t25.714 10.857l219.429 219.429q10.857 10.857 10.857 25.714t-10.857 25.714-25.714 10.857h-112.571l229.714 230.286q10.857 10.857 10.857 25.714t-10.857 25.714-25.714 10.857h-130.857l229.714 230.286q10.857 10.857 10.857 25.714z"
        ],
        "width": 877.7201156616211,
        "attrs": [],
        "isMulticolor": false,
        "isMulticolor2": false,
        "tags": [
          "tree"
        ],
        "defaultCode": 61883,
        "grid": 14
      },
      "attrs": [],
      "properties": {
        "name": "tree",
        "id": 402,
        "order": 24,
        "prevSize": 32,
        "code": 61883
      },
      "setIdx": 0,
      "setId": 7,
      "iconIdx": 402
    },
    {
      "icon": {
        "paths": [
          "M658.286 512q0-59.429-23.143-113.429t-62.571-93.429-93.429-62.571-113.429-23.143-113.429 23.143-93.429 62.571-62.571 93.429-23.143 113.429 23.143 113.429 62.571 93.429 93.429 62.571 113.429 23.143 113.429-23.143 93.429-62.571 62.571-93.429 23.143-113.429zM1097.143 512q0-59.429-23.143-113.429t-62.571-93.429-93.429-62.571-113.429-23.143h-220.571q68 51.429 107.714 128t39.714 164.571-39.714 164.571-107.714 128h220.571q59.429 0 113.429-23.143t93.429-62.571 62.571-93.429 23.143-113.429zM1170.286 512q0 74.286-29.143 142t-78 116.571-116.571 78-142 29.143h-438.857q-74.286 0-142-29.143t-116.571-78-78-116.571-29.143-142 29.143-142 78-116.571 116.571-78 142-29.143h438.857q74.286 0 142 29.143t116.571 78 78 116.571 29.143 142z"
        ],
        "width": 1170.2871932983398,
        "attrs": [],
        "isMulticolor": false,
        "isMulticolor2": false,
        "tags": [
          "toggle-off"
        ],
        "defaultCode": 61956,
        "grid": 14
      },
      "attrs": [],
      "properties": {
        "name": "toggle-off",
        "id": 470,
        "order": 25,
        "prevSize": 32,
        "code": 61956
      },
      "setIdx": 0,
      "setId": 7,
      "iconIdx": 470
    },
    {
      "icon": {
        "paths": [
          "M0 512q0-74.286 29.143-142t78-116.571 116.571-78 142-29.143h438.857q74.286 0 142 29.143t116.571 78 78 116.571 29.143 142-29.143 142-78 116.571-116.571 78-142 29.143h-438.857q-74.286 0-142-29.143t-116.571-78-78-116.571-29.143-142zM804.571 804.571q59.429 0 113.429-23.143t93.429-62.571 62.571-93.429 23.143-113.429-23.143-113.429-62.571-93.429-93.429-62.571-113.429-23.143-113.429 23.143-93.429 62.571-62.571 93.429-23.143 113.429 23.143 113.429 62.571 93.429 93.429 62.571 113.429 23.143z"
        ],
        "width": 1170.2848930358887,
        "attrs": [],
        "isMulticolor": false,
        "isMulticolor2": false,
        "tags": [
          "toggle-on"
        ],
        "defaultCode": 61957,
        "grid": 14
      },
      "attrs": [],
      "properties": {
        "name": "toggle-on",
        "id": 471,
        "order": 26,
        "prevSize": 32,
        "code": 61957
      },
      "setIdx": 0,
      "setId": 7,
      "iconIdx": 471
    }
  ],
  "height": 1024,
  "metadata": {
    "name": "icomoon"
  },
  "preferences": {
    "showGlyphs": true,
    "showQuickUse": true,
    "showQuickUse2": true,
    "showSVGs": true,
    "fontPref": {
      "prefix": "icon-",
      "metadata": {
        "fontFamily": "icomoon"
      },
      "metrics": {
        "emSize": 1024,
        "baseline": 6.25,
        "whitespace": 50
      },
      "embed": false
    },
    "imagePref": {
      "prefix": "icon-",
      "png": true,
      "useClassSelector": true,
      "color": 4473924,
      "bgColor": 16777215,
      "classSelector": ".icon"
    },
    "historySize": 100,
    "showCodes": true,
    "showLiga": false
  }
}